sample,ours_exact,mlkit_raw_exact,mlkit_parsed_exact,ours_else_mlkit_exact
0,1,0,1,1
1,0,1,1,0
2,1,0,0,1
3,1,0,1,1
4,1,0,1,1
5,0,0,0,0
6,1,0,1,1
7,0,0,0,0
8,0,1,1,1
9,1,0,0,1
10,1,0,0,1
11,0,1,1,0
12,1,1,1,1
13,1,1,1,1
14,1,1,1,1
15,1,0,0,1
16,0,0,0,0
17,1,0,1,1
18,1,0,1,1
19,1,1,1,1
20,0,0,0,0
21,0,0,0,0
22,0,1,1,0
23,1,1,1,1
24,1,0,1,1
25,1,0,0,1
26,1,0,0,1
27,0,0,0,0
28,1,0,1,1
29,0,1,1,0
30,1,1,1,1
31,1,1,1,1
32,1,1,1,1
33,1,1,1,1
34,1,0,0,1
35,0,0,0,0
36,1,0,0,1
37,1,0,0,1
38,0,0,0,0
39,1,0,0,1
40,1,0,0,1
41,0,0,0,0
42,1,1,1,1
43,0,0,0,0
44,1,0,1,1
45,1,0,0,1
46,1,0,0,1
47,1,0,0,1
48,1,1,1,1
49,0,0,0,0
50,0,0,0,0
51,1,0,0,1
52,0,0,0,0
53,1,0,0,1
54,0,0,0,0
55,0,0,0,0
56,1,1,1,1
57,1,0,0,1
58,1,1,1,1
59,1,1,1,1
60,0,0,0,0
61,0,0,0,0
62,0,0,0,0
63,0,0,0,0
64,1,1,1,1
65,1,0,0,1
66,0,0,0,0
67,0,0,1,0
68,1,0,1,1
69,0,0,1,1
70,1,0,1,1
71,0,0,0,0
72,0,0,0,0
73,0,0,0,0
74,1,1,1,1
75,1,0,1,1
76,1,1,1,1
77,0,1,1,0
78,0,0,1,0
79,0,0,0,0
80,0,0,0,0
81,1,1,1,1
82,0,0,0,0
83,1,0,1,1
84,0,1,1,1
85,0,1,1,1
86,1,1,1,1
87,0,0,1,0
88,0,0,0,0
89,0,0,0,0
90,1,1,1,1
91,0,0,0,0
92,1,1,1,1
93,1,1,1,1
94,1,1,1,1
95,1,0,0,1
96,0,0,0,0
97,1,0,0,1
98,1,1,1,1
99,1,0,0,1
100,1,0,0,1
101,1,1,1,1
102,1,1,1,1
103,1,0,0,1
104,1,0,0,1
105,1,0,0,1
106,1,1,1,1
107,0,0,0,0
108,0,0,0,0
109,0,0,0,0
110,0,0,0,0
111,0,1,1,1
112,1,0,1,1
113,0,0,0,0
114,1,1,1,1
115,0,0,0,0
116,1,0,1,1
117,1,1,1,1
118,1,0,0,1
119,1,0,0,1
120,1,0,0,1
121,1,0,1,1
122,1,0,1,1
123,1,0,1,1
124,0,0,0,0
125,0,0,0,0
126,1,1,1,1
127,1,0,0,1
128,0,0,1,1
129,1,0,1,1
130,0,0,0,0
131,1,1,1,1
132,0,0,1,0
133,1,1,1,1
134,1,0,1,1
135,1,1,1,1
136,1,0,0,1
137,1,0,1,1
138,1,0,0,1
139,1,0,0,1
140,0,1,1,0
141,1,0,1,1
142,1,0,0,1
143,0,0,0,0
144,1,0,0,1
145,1,1,1,1
146,0,1,1,1
147,1,0,0,1
148,0,1,1,0
149,0,0,0,0
